-- --------------------------------------------------------
-- Host:                         127.0.0.1
-- Versión del servidor:         12.3.2-MariaDB - MariaDB Server
-- SO del servidor:              Win64
-- HeidiSQL Versión:             12.17.0.7270
-- --------------------------------------------------------

/*!40101 SET @OLD_CHARACTER_SET_CLIENT=@@CHARACTER_SET_CLIENT */;
/*!40101 SET NAMES utf8 */;
/*!50503 SET NAMES utf8mb4 */;
/*!40103 SET @OLD_TIME_ZONE=@@TIME_ZONE */;
/*!40103 SET TIME_ZONE='+00:00' */;
/*!40014 SET @OLD_FOREIGN_KEY_CHECKS=@@FOREIGN_KEY_CHECKS, FOREIGN_KEY_CHECKS=0 */;
/*!40101 SET @OLD_SQL_MODE=@@SQL_MODE, SQL_MODE='NO_AUTO_VALUE_ON_ZERO' */;
/*!40111 SET @OLD_SQL_NOTES=@@SQL_NOTES, SQL_NOTES=0 */;


-- Volcando estructura de base de datos para retenciones_sifen
CREATE DATABASE IF NOT EXISTS `retenciones_sifen` /*!40100 DEFAULT CHARACTER SET utf8mb4 COLLATE utf8mb4_uca1400_ai_ci */;
USE `retenciones_sifen`;

-- Volcando estructura para tabla retenciones_sifen.auditoria
CREATE TABLE IF NOT EXISTS `auditoria` (
  `id` int(11) NOT NULL AUTO_INCREMENT,
  `usuario_id` int(11) DEFAULT NULL,
  `accion` varchar(50) NOT NULL,
  `entidad` varchar(50) DEFAULT NULL,
  `entidad_id` varchar(50) DEFAULT NULL,
  `detalle` text DEFAULT NULL,
  `fecha` datetime NOT NULL DEFAULT current_timestamp(),
  PRIMARY KEY (`id`),
  KEY `idx_auditoria_entidad` (`entidad`,`entidad_id`),
  KEY `idx_auditoria_fecha` (`fecha`),
  KEY `fk_auditoria_usuario` (`usuario_id`),
  CONSTRAINT `fk_auditoria_usuario` FOREIGN KEY (`usuario_id`) REFERENCES `usuarios` (`id`)
) ENGINE=InnoDB AUTO_INCREMENT=53 DEFAULT CHARSET=utf8mb4 COLLATE=utf8mb4_uca1400_ai_ci;

-- Volcando datos para la tabla retenciones_sifen.auditoria: ~52 rows (aproximadamente)
INSERT INTO `auditoria` (`id`, `usuario_id`, `accion`, `entidad`, `entidad_id`, `detalle`, `fecha`) VALUES
	(1, 1, 'LOGIN', 'usuario', '1', NULL, '2026-07-16 09:23:21'),
	(2, 1, 'LOGIN', 'usuario', '1', NULL, '2026-07-16 09:24:20'),
	(3, 1, 'LOGIN', 'usuario', '1', NULL, '2026-07-16 09:33:24'),
	(4, 1, 'CAMBIAR_PASSWORD', 'usuario', 'soporte', NULL, '2026-07-16 09:34:10'),
	(5, 1, 'CREAR_USUARIO', 'usuario', 'admin', 'rol=JEFE', '2026-07-16 09:34:52'),
	(6, 1, 'CREAR_USUARIO', 'usuario', 'asistente', 'rol=ASISTENTE', '2026-07-16 09:35:51'),
	(7, 1, 'CAMBIAR_PASSWORD', 'usuario', 'soporte', NULL, '2026-07-16 09:37:01'),
	(8, 2, 'LOGIN', 'usuario', '2', NULL, '2026-07-16 09:37:19'),
	(9, 2, 'LOGIN', 'usuario', '2', NULL, '2026-07-16 09:37:43'),
	(10, 3, 'LOGIN', 'usuario', '3', NULL, '2026-07-16 09:38:37'),
	(11, 1, 'LOGIN', 'usuario', '1', NULL, '2026-07-16 09:39:13'),
	(12, 2, 'LOGIN', 'usuario', '2', NULL, '2026-07-16 09:39:58'),
	(13, 1, 'LOGIN', 'usuario', '1', NULL, '2026-07-16 09:40:39'),
	(14, 1, 'LOGIN', 'usuario', '1', NULL, '2026-07-16 09:41:05'),
	(15, 2, 'LOGIN', 'usuario', '2', NULL, '2026-07-16 09:41:34'),
	(16, 2, 'REVERTIR', 'retencion', '21', 'carga rechazada', '2026-07-16 09:42:11'),
	(17, 2, 'LOGIN', 'usuario', '2', NULL, '2026-07-16 09:44:48'),
	(18, 1, 'LOGIN', 'usuario', '1', NULL, '2026-07-16 09:45:19'),
	(19, 2, 'LOGIN', 'usuario', '2', NULL, '2026-07-16 10:51:52'),
	(20, 2, 'REVERTIR', 'retencion', '20', 'prueba', '2026-07-16 10:53:17'),
	(21, 1, 'LOGIN', 'usuario', '1', NULL, '2026-07-16 12:35:28'),
	(22, 2, 'LOGIN', 'usuario', '2', NULL, '2026-07-16 12:37:06'),
	(23, 2, 'LOGIN', 'usuario', '2', NULL, '2026-07-16 13:03:29'),
	(24, 2, 'REVERTIR', 'retencion', '16', 'prueba', '2026-07-16 13:11:03'),
	(25, 2, 'LOGIN', 'usuario', '2', NULL, '2026-07-16 13:38:47'),
	(26, 2, 'LOGIN', 'usuario', '2', NULL, '2026-07-16 13:39:10'),
	(27, 2, 'LOGIN', 'usuario', '2', NULL, '2026-07-16 13:49:27'),
	(28, 2, 'REVERTIR', 'retencion', '23', 'prueba', '2026-07-16 13:55:52'),
	(29, 2, 'REVERTIR', 'retencion', '21', 'prueba', '2026-07-16 13:56:00'),
	(30, 2, 'REVERTIR', 'retencion', '20', 'prueba', '2026-07-16 13:56:05'),
	(31, 2, 'REVERTIR', 'retencion', '16', 'prueba', '2026-07-16 13:56:11'),
	(32, 1, 'LOGIN', 'usuario', '1', NULL, '2026-07-16 14:22:20'),
	(33, 2, 'LOGIN', 'usuario', '2', NULL, '2026-07-16 14:23:07'),
	(34, 2, 'REVERTIR', 'retencion', '23', 'p', '2026-07-16 14:23:20'),
	(35, 3, 'LOGIN', 'usuario', '3', NULL, '2026-07-16 14:23:39'),
	(36, 2, 'LOGIN', 'usuario', '2', NULL, '2026-07-16 14:24:13'),
	(37, 2, 'REVERTIR', 'retencion', '21', 'p', '2026-07-16 14:24:22'),
	(38, 2, 'REVERTIR', 'retencion', '20', 'p', '2026-07-16 14:24:27'),
	(39, 2, 'REVERTIR', 'retencion', '16', 'p', '2026-07-16 14:24:31'),
	(40, 2, 'LOGIN', 'usuario', '2', NULL, '2026-07-16 14:30:08'),
	(41, 2, 'LOGIN', 'usuario', '2', NULL, '2026-07-16 14:34:30'),
	(42, 2, 'LOGIN', 'usuario', '2', NULL, '2026-07-16 15:22:52'),
	(43, 2, 'LOGIN', 'usuario', '2', NULL, '2026-07-16 16:47:34'),
	(44, 2, 'LOGIN', 'usuario', '2', NULL, '2026-07-17 07:15:23'),
	(45, 2, 'LOGIN', 'usuario', '2', NULL, '2026-07-17 07:26:04'),
	(46, 2, 'LOGIN', 'usuario', '2', NULL, '2026-07-17 07:26:34'),
	(47, 2, 'LOGIN', 'usuario', '2', NULL, '2026-07-17 07:27:44'),
	(48, 2, 'LOGIN', 'usuario', '2', NULL, '2026-07-17 07:33:24'),
	(49, 2, 'LOGIN', 'usuario', '2', NULL, '2026-07-17 07:49:33'),
	(50, 2, 'LOGIN', 'usuario', '2', NULL, '2026-07-17 07:50:03'),
	(51, 2, 'LOGIN', 'usuario', '2', NULL, '2026-07-17 07:51:56'),
	(52, 2, 'LOGIN', 'usuario', '2', NULL, '2026-07-17 10:22:23');

-- Volcando estructura para tabla retenciones_sifen.configuracion
CREATE TABLE IF NOT EXISTS `configuracion` (
  `clave` varchar(50) NOT NULL,
  `valor` varchar(200) DEFAULT NULL,
  PRIMARY KEY (`clave`)
) ENGINE=InnoDB DEFAULT CHARSET=utf8mb4 COLLATE=utf8mb4_uca1400_ai_ci;

-- Volcando datos para la tabla retenciones_sifen.configuracion: ~2 rows (aproximadamente)
INSERT INTO `configuracion` (`clave`, `valor`) VALUES
	('establecimiento', '001'),
	('punto_expedicion', '001');

-- Volcando estructura para tabla retenciones_sifen.log_envios
CREATE TABLE IF NOT EXISTS `log_envios` (
  `id` int(11) NOT NULL AUTO_INCREMENT,
  `id_retencion` int(11) DEFAULT NULL,
  `fecha_intento` datetime DEFAULT current_timestamp(),
  `resultado` varchar(20) DEFAULT NULL,
  `descripcion` text DEFAULT NULL,
  `xml_enviado` text DEFAULT NULL,
  `xml_respuesta` text DEFAULT NULL,
  PRIMARY KEY (`id`)
) ENGINE=InnoDB DEFAULT CHARSET=utf8mb4 COLLATE=utf8mb4_uca1400_ai_ci;

-- Volcando datos para la tabla retenciones_sifen.log_envios: ~0 rows (aproximadamente)

-- Volcando estructura para tabla retenciones_sifen.retenciones_enviadas
CREATE TABLE IF NOT EXISTS `retenciones_enviadas` (
  `id` int(11) NOT NULL AUTO_INCREMENT,
  `id_factura_orig` bigint(20) DEFAULT NULL,
  `orden_pago` bigint(20) DEFAULT NULL,
  `nro_comprobante` varchar(50) DEFAULT NULL,
  `ruc_proveedor` varchar(20) DEFAULT NULL,
  `razon_social` varchar(200) DEFAULT NULL,
  `concepto` varchar(300) DEFAULT NULL,
  `fecha_factura` date DEFAULT NULL,
  `monto` decimal(18,2) DEFAULT NULL,
  `moneda` varchar(5) DEFAULT NULL,
  `factor_cambio` decimal(12,2) DEFAULT NULL,
  `retencion` decimal(18,2) DEFAULT NULL,
  `estado` varchar(30) DEFAULT NULL,
  `cdc` varchar(100) DEFAULT NULL,
  `motivo_rechazo` text DEFAULT NULL,
  `fecha_envio` datetime DEFAULT NULL,
  `usuario` varchar(50) DEFAULT NULL,
  `fecha_creacion` datetime DEFAULT current_timestamp(),
  `num_timbrado` varchar(20) DEFAULT NULL COMMENT 'Timbrado del comprobante de retencion DUTRIEC',
  `timbrado_proveedor` varchar(20) DEFAULT NULL,
  `correo_proveedor` varchar(150) DEFAULT NULL COMMENT 'Email del proveedor (SQL Anywhere)',
  `telefono_proveedor` varchar(50) DEFAULT NULL COMMENT 'Telefono del proveedor (SQL Anywhere)',
  `direccion_proveedor` varchar(250) DEFAULT NULL COMMENT 'Direccion del proveedor (SQL Anywhere)',
  `estado_envio_tesaka` varchar(30) DEFAULT NULL COMMENT 'PENDIENTE / TESAKA_ENVIADO / APROBADA / RECHAZADA',
  `aprobacion_estado` varchar(50) DEFAULT NULL,
  `aprobacion_nro_control` varchar(100) DEFAULT NULL,
  `aprobacion_comentario` text DEFAULT NULL,
  `fecha_actualizacion` datetime DEFAULT NULL,
  `veces_revertida` int(11) NOT NULL DEFAULT 0,
  `veces_rechazada` int(11) NOT NULL DEFAULT 0,
  `revertido_por` int(11) DEFAULT NULL,
  `motivo_reversion` varchar(255) DEFAULT NULL,
  `fecha_reversion` datetime DEFAULT NULL,
  PRIMARY KEY (`id`),
  UNIQUE KEY `uq_factura_orig` (`id_factura_orig`),
  KEY `idx_ret_estado` (`estado`),
  KEY `idx_ret_factura_orig` (`id_factura_orig`),
  KEY `idx_ret_nro_comp` (`nro_comprobante`),
  KEY `idx_ret_fecha_creacion` (`fecha_creacion`)
) ENGINE=InnoDB AUTO_INCREMENT=65 DEFAULT CHARSET=utf8mb4 COLLATE=utf8mb4_uca1400_ai_ci;

-- Volcando datos para la tabla retenciones_sifen.retenciones_enviadas: ~45 rows (aproximadamente)
INSERT INTO `retenciones_enviadas` (`id`, `id_factura_orig`, `orden_pago`, `nro_comprobante`, `ruc_proveedor`, `razon_social`, `concepto`, `fecha_factura`, `monto`, `moneda`, `factor_cambio`, `retencion`, `estado`, `cdc`, `motivo_rechazo`, `fecha_envio`, `usuario`, `fecha_creacion`, `num_timbrado`, `timbrado_proveedor`, `correo_proveedor`, `telefono_proveedor`, `direccion_proveedor`, `estado_envio_tesaka`, `aprobacion_estado`, `aprobacion_nro_control`, `aprobacion_comentario`, `fecha_actualizacion`, `veces_revertida`, `veces_rechazada`, `revertido_por`, `motivo_reversion`, `fecha_reversion`) VALUES
	(14, 6316, 6714, '0010020112033', '80075712-2', 'PRODISER S.A.C.I.', 'PAPEL HIGIENICO CANUTO GRANDE X 300 MT', '2026-06-09', 2027273.00, 'GS', 6791.00, 60818.00, 'APROBADO', NULL, NULL, '2026-07-10 09:32:17', NULL, '2026-07-10 09:32:17', 'PENDIENTE_TIMBRADO', '18257695', NULL, '021900194', NULL, NULL, 'APROBADO', '8ee5088a', NULL, '2026-07-17 07:52:13', 0, 0, NULL, NULL, NULL),
	(16, 5803, 6458, '0010020003830', '80026324-3', 'CIENTIFICA MILAN S.R.L.', 'HIDROXIDO DE TETRABUTILAMONIO EN AGUA 40 CAS 2052-49-5', '2026-05-04', 650000.00, 'GS', 6791.00, 19500.00, 'APROBADO', NULL, NULL, '2026-07-10 09:39:34', NULL, '2026-07-10 09:39:34', 'PENDIENTE_TIMBRADO', '16922422', NULL, NULL, NULL, NULL, 'APROBADO', '95c2099f', NULL, '2026-07-17 07:52:31', 3, 1, 2, 'p', '2026-07-16 14:24:31'),
	(20, 5813, 6458, '0010020003847', '80026324-3', 'CIENTIFICA MILAN S.R.L.', 'AQUAMETRIC SOLVENT PARA KARL FISCHER', '2026-05-06', 5000000.00, 'GS', 6791.00, 150000.00, 'APROBADO', NULL, NULL, '2026-07-13 08:39:49', NULL, '2026-07-13 08:39:49', 'PENDIENTE_TIMBRADO', '16922422', NULL, NULL, NULL, NULL, 'APROBADO', '92f008cd', NULL, '2026-07-17 07:52:31', 3, 0, 2, 'p', '2026-07-16 14:24:27'),
	(21, 6025, 6632, '0010010001916', '80068800-7', 'SUMI S.A.', 'CABLE FLEX FFC Z-Z 2050', '2026-05-26', 215.35, 'DL', 6131.00, 6.00, 'APROBADO', NULL, NULL, '2026-07-13 14:15:58', NULL, '2026-07-13 14:15:58', 'PENDIENTE_TIMBRADO', '16929198', NULL, NULL, NULL, NULL, 'APROBADO', 'a18c09c5', NULL, '2026-07-17 07:52:31', 3, 0, 2, 'p', '2026-07-16 14:24:22'),
	(23, 6329, 6744, '0010020000059', '80127440-0', 'TOMIZO INDUSTRIA DE CAPSULAS SA', 'CAPSULA', '2026-06-08', 3045.45, 'DL', 6147.00, 91.00, 'APROBADO', NULL, NULL, '2026-07-16 13:52:28', NULL, '2026-07-16 13:52:28', 'PENDIENTE_TIMBRADO', '17563293', NULL, NULL, 'CARRETERA RUTA PY 07 CAMPO TACURU', NULL, 'APROBADO', '8f8208ea', NULL, '2026-07-17 07:52:31', 2, 0, 2, 'p', '2026-07-16 14:23:20'),
	(24, 5761, 6650, '0010010009742', '1747377-2', 'ADRIAN CARLOS', 'REJILLAS 4CX4P PARA BANDEJA CON TAPA 22 X 22 X 8 CM-SIXACIN', '2026-04-29', 1470000.00, 'GS', 6791.00, 44100.00, 'APROBADO', NULL, NULL, '2026-07-16 14:55:45', NULL, '2026-07-16 14:55:45', 'PENDIENTE_TIMBRADO', '18334017', NULL, NULL, NULL, NULL, 'APROBADO', '99b2097e', NULL, '2026-07-17 07:52:31', 0, 0, NULL, NULL, NULL),
	(25, 5764, 6650, '0010010009737', '1747377-2', 'ADRIAN CARLOS', 'BANDEJAS CON TAPA', '2026-04-28', 2900000.00, 'GS', 6791.00, 87000.00, 'APROBADO', NULL, NULL, '2026-07-16 14:55:45', NULL, '2026-07-16 14:55:45', 'PENDIENTE_TIMBRADO', '18334017', NULL, NULL, NULL, NULL, 'APROBADO', '88a60862', NULL, '2026-07-17 07:52:31', 0, 0, NULL, NULL, NULL),
	(26, 6122, 6651, '0010010006453', '3254007-8', 'SM INFORMATICA DE PEDRO MIGUEL LEGUIZAMON PARRA', 'DISCO SSD 240G-KINGTON', '2026-05-27', 409091.00, 'GS', 6791.00, 12273.00, 'APROBADO', NULL, NULL, '2026-07-16 15:23:34', NULL, '2026-07-16 15:23:34', 'PENDIENTE_TIMBRADO', '18809023', NULL, NULL, NULL, NULL, 'APROBADO', '91ee0908', NULL, '2026-07-17 07:52:22', 0, 0, NULL, NULL, NULL),
	(27, 6123, 6651, '0010010006452', '3254007-8', 'SM INFORMATICA DE PEDRO MIGUEL LEGUIZAMON PARRA', 'NOTEBOOK ASUS INTEL MGB RAM DISCO SSD 240GB', '2026-05-27', 1636364.00, 'GS', 6791.00, 49091.00, 'APROBADO', NULL, NULL, '2026-07-16 15:23:34', NULL, '2026-07-16 15:23:34', 'PENDIENTE_TIMBRADO', '18809023', NULL, NULL, NULL, NULL, 'APROBADO', '7f5707b4', NULL, '2026-07-17 07:52:22', 0, 0, NULL, NULL, NULL),
	(28, 6125, 6651, '0010010006456', '3254007-8', 'SM INFORMATICA DE PEDRO MIGUEL LEGUIZAMON PARRA', 'MOUSE USB HVIT', '2026-05-27', 45455.00, 'GS', 6791.00, 1364.00, 'APROBADO', NULL, NULL, '2026-07-16 15:23:34', NULL, '2026-07-16 15:23:34', 'PENDIENTE_TIMBRADO', '18809023', NULL, NULL, NULL, NULL, 'APROBADO', '83360810', NULL, '2026-07-17 07:52:22', 0, 0, NULL, NULL, NULL),
	(29, 6126, 6651, '0010010006455', '3254007-8', 'SM INFORMATICA DE PEDRO MIGUEL LEGUIZAMON PARRA', 'TINTA BROTHER BT-D60BK COLOR NEGRO', '2026-05-27', 490909.00, 'GS', 6791.00, 14727.00, 'APROBADO', NULL, NULL, '2026-07-16 15:23:34', NULL, '2026-07-16 15:23:34', 'PENDIENTE_TIMBRADO', '18809023', NULL, NULL, NULL, NULL, 'APROBADO', '8ee6085b', NULL, '2026-07-17 07:52:22', 0, 0, NULL, NULL, NULL),
	(30, 6127, 6651, '0010010006457', '3254007-8', 'SM INFORMATICA DE PEDRO MIGUEL LEGUIZAMON PARRA', 'MEUSE HAVIT USB', '2026-05-27', 45455.00, 'GS', 6791.00, 1364.00, 'APROBADO', NULL, NULL, '2026-07-16 15:23:34', NULL, '2026-07-16 15:23:34', 'PENDIENTE_TIMBRADO', '18809023', NULL, NULL, NULL, NULL, 'APROBADO', '90ed087b', NULL, '2026-07-17 07:52:22', 0, 0, NULL, NULL, NULL),
	(32, 5765, 6609, '0010010000641', '80142081-4', 'INNGENOVA PARAGUAY S.A  DE  LADISLAO FABIAN BRITEZ ZARZA', 'SERVICIO DE PERFIL TERMICO', '2026-04-28', 3181818.00, 'GS', 6791.00, 95455.00, 'APROBADO', NULL, NULL, '2026-07-16 15:27:45', NULL, '2026-07-16 15:27:45', 'PENDIENTE_TIMBRADO', '18703693', NULL, NULL, NULL, NULL, 'APROBADO', '7ffe07ec', NULL, '2026-07-17 07:52:22', 0, 0, NULL, NULL, NULL),
	(33, 6063, 6610, '0010010024528', '80128338-8', 'ELECTRO DELTA - ALFA Y OMEGA.', 'FOCO LEB W/E40 FRIA', '2026-05-27', 1550909.00, 'GS', 6791.00, 46527.00, 'APROBADO', NULL, NULL, '2026-07-16 15:28:17', NULL, '2026-07-16 15:28:17', 'PENDIENTE_TIMBRADO', '18719915', NULL, NULL, NULL, NULL, 'APROBADO', '86530828', NULL, '2026-07-17 07:52:22', 0, 0, NULL, NULL, NULL),
	(34, 6066, 6611, '0010010014051', '1841666-7', 'FRANCISCO DANIEL', 'SERVICIO DE VERIFICACION DE FILTRO HEPA EN AREA PRODUCTIVA CON EQUIPO FOTOMETRO', '2026-05-26', 3709091.00, 'GS', 6791.00, 111273.00, 'APROBADO', NULL, NULL, '2026-07-16 15:28:31', NULL, '2026-07-16 15:28:31', 'PENDIENTE_TIMBRADO', '18720538', NULL, NULL, NULL, NULL, 'APROBADO', '959e091f', NULL, '2026-07-17 07:52:22', 0, 0, NULL, NULL, NULL),
	(35, 6064, 6614, '0010010387268', '80093204-8', 'PINTURAS ELITE S.R.L.', 'PINTURA SINTETICA COLOR ALUMINIO OPAL DE 3,6 LITROS', '2026-05-27', 186364.00, 'GS', 6791.00, 5591.00, 'APROBADO', NULL, NULL, '2026-07-16 15:28:53', NULL, '2026-07-16 15:28:53', 'PENDIENTE_TIMBRADO', '18821043', NULL, NULL, NULL, NULL, 'APROBADO', '85670826', NULL, '2026-07-17 07:52:22', 0, 0, NULL, NULL, NULL),
	(36, 6043, 6614, '0190010001898', '80093204-8', 'PINTURAS ELITE S.R.L.', 'COLOR PREPARADO INMOBILIARIO 18L', '2026-05-23', 3311818.00, 'GS', 6791.00, 99355.00, 'APROBADO', NULL, NULL, '2026-07-16 15:28:53', NULL, '2026-07-16 15:28:53', 'PENDIENTE_TIMBRADO', '18419773', NULL, NULL, NULL, NULL, 'APROBADO', '89b10823', NULL, '2026-07-17 07:52:22', 0, 0, NULL, NULL, NULL),
	(37, 6038, 6623, '0010010032811', '80010810-8', 'PROVINDUS S.A.', 'MALALTEX-CTHD6-AC', '2026-05-25', 1236364.00, 'GS', 6791.00, 37091.00, 'APROBADO', NULL, NULL, '2026-07-16 15:29:17', NULL, '2026-07-16 15:29:17', 'PENDIENTE_TIMBRADO', '17244198', NULL, '021606343', 'AVDA. EUSEBIO AYALA 3747', NULL, 'APROBADO', '9f6209b1', NULL, '2026-07-17 07:52:22', 0, 0, NULL, NULL, NULL),
	(38, 6090, 6581, '0050010000084', '80091648-4', 'WELS S.A.', 'SERVICIO DE RECOLECCION ,TRANSPORTE ,TRATAMIENTO Y RESIDUOS Y AFINES', '2026-05-08', 5291000.00, 'GS', 6791.00, 158730.00, 'APROBADO', NULL, NULL, '2026-07-16 16:16:08', NULL, '2026-07-16 16:16:08', 'PENDIENTE_TIMBRADO', '17666058', NULL, NULL, NULL, NULL, 'APROBADO', '91960926', NULL, '2026-07-17 07:52:13', 0, 2, NULL, NULL, NULL),
	(39, 5931, 6532, '0010010002708', '80143492-0', 'MEDILAB GROUP E.A.S.', 'COBERTOR ESTERILIZABLE , MOPA PARA LIMPEZA, PAÑO DE AREA', '2026-05-20', 1320000.00, 'GS', 6791.00, 39600.00, 'APROBADO', NULL, NULL, '2026-07-16 16:18:19', NULL, '2026-07-16 16:18:19', 'PENDIENTE_TIMBRADO', '18655127', NULL, NULL, NULL, NULL, 'APROBADO', '9a6c0977', NULL, '2026-07-17 07:52:13', 0, 0, NULL, NULL, NULL),
	(40, 6140, 6532, '0010010002705', '80143492-0', 'MEDILAB GROUP E.A.S.', 'CUNA DOBLE PARA JERINGA', '2026-05-20', 3772727.00, 'GS', 6791.00, 113182.00, 'APROBADO', NULL, NULL, '2026-07-16 16:18:19', NULL, '2026-07-16 16:18:19', 'PENDIENTE_TIMBRADO', '18655127', NULL, NULL, NULL, NULL, 'APROBADO', '890b084a', NULL, '2026-07-17 07:52:13', 0, 0, NULL, NULL, NULL),
	(41, 6053, 6534, '0010010386999', '80093204-8', 'PINTURAS ELITE S.R.L.', 'MICA ENDUIDO INTERIOR 25KG', '2026-05-22', 1036364.00, 'GS', 6791.00, 31091.00, 'APROBADO', NULL, NULL, '2026-07-16 16:18:38', NULL, '2026-07-16 16:18:38', 'PENDIENTE_TIMBRADO', '18821043', NULL, NULL, NULL, NULL, 'APROBADO', '8555081f', NULL, '2026-07-17 07:52:13', 0, 0, NULL, NULL, NULL),
	(42, 5924, 6534, '0190010001868', '80093204-8', 'PINTURAS ELITE S.R.L.', 'PINCEL TIGRE 518-2', '2026-05-20', 1428182.00, 'GS', 6791.00, 42845.00, 'APROBADO', NULL, NULL, '2026-07-16 16:18:38', NULL, '2026-07-16 16:18:38', 'PENDIENTE_TIMBRADO', '18419773', NULL, NULL, NULL, NULL, 'APROBADO', '9d65097c', NULL, '2026-07-17 07:52:13', 0, 0, NULL, NULL, NULL),
	(43, 5920, 6535, '0010010000334', '80142038-5', 'HYDROTECH EAS', 'MONITOR DE CONDUCTIVIDAD BI 983320 PE-01', '2026-05-20', 3181818.00, 'GS', 6791.00, 95455.00, 'APROBADO', NULL, NULL, '2026-07-16 16:19:09', NULL, '2026-07-16 16:19:09', 'PENDIENTE_TIMBRADO', '18515983', NULL, NULL, NULL, NULL, 'APROBADO', '7e490788', NULL, '2026-07-17 07:52:13', 0, 0, NULL, NULL, NULL),
	(44, 5913, 6590, '0050010071694', '80009085-3', 'ELECTROPAR SA', 'CABLE MULTIF ATOXICO 6MM VERDE/AMARILLO', '2026-05-21', 8710820.00, 'GS', 6791.00, 261325.00, 'APROBADO', NULL, NULL, '2026-07-16 16:20:30', NULL, '2026-07-16 16:20:30', 'PENDIENTE_TIMBRADO', '16068710', NULL, NULL, NULL, NULL, 'APROBADO', '91bb091d', NULL, '2026-07-17 07:52:13', 0, 0, NULL, NULL, NULL),
	(45, 5983, 6590, '0220090007842', '80009085-3', 'ELECTROPAR SA', 'CABLE SUBT FLEX 4 X 25,00 MM2 1KV', '2026-05-16', 6199552.00, 'GS', 6791.00, 185987.00, 'APROBADO', NULL, NULL, '2026-07-16 16:20:30', NULL, '2026-07-16 16:20:30', 'PENDIENTE_TIMBRADO', '16068710', NULL, NULL, NULL, NULL, 'APROBADO', '9e4209c2', NULL, '2026-07-17 07:52:13', 0, 0, NULL, NULL, NULL),
	(46, 5928, 6538, '0010020111532', '80075712-2', 'PRODISER S.A.C.I.', 'NESS PAÑUELO DESECHABLE', '2026-05-20', 2087273.00, 'GS', 6791.00, 62618.00, 'APROBADO', NULL, NULL, '2026-07-16 16:20:53', NULL, '2026-07-16 16:20:53', 'PENDIENTE_TIMBRADO', '18257695', NULL, '021900194', NULL, NULL, 'APROBADO', '8888089a', NULL, '2026-07-17 07:52:13', 0, 0, NULL, NULL, NULL),
	(47, 6051, 6541, '0010020004482', '703805-4', 'RODOLFO RAMON  ALVAREZ', 'MEDIO FILTRANTE PREFILTRO', '2026-05-22', 1454545.00, 'GS', 6791.00, 43637.00, 'APROBADO', NULL, NULL, '2026-07-16 16:21:07', NULL, '2026-07-16 16:21:07', 'PENDIENTE_TIMBRADO', '18107969', NULL, NULL, NULL, NULL, 'APROBADO', '975d08eb', NULL, '2026-07-17 07:52:13', 0, 0, NULL, NULL, NULL),
	(48, 5919, 6545, '0010020001797', '80102067-0', 'PROPAR LABS S.A', 'MEMBRANA DE NITRATO DE CELULOSA /0,45UMM/50MM/RIVER LABS', '2026-05-21', 1600000.00, 'GS', 1.00, 48000.00, 'APROBADO', NULL, NULL, '2026-07-16 16:21:21', NULL, '2026-07-16 16:21:21', 'PENDIENTE_TIMBRADO', '18104680', NULL, NULL, NULL, NULL, 'APROBADO', '936608de', NULL, '2026-07-17 07:52:13', 0, 0, NULL, NULL, NULL),
	(49, 6074, 6546, '0040010035394', '80051575-7', 'IMPAR - ESEGE S.A', 'RESMA PAPEL', '2026-05-19', 1278118.00, 'GS', 6791.00, 38344.00, 'APROBADO', NULL, NULL, '2026-07-16 16:21:35', NULL, '2026-07-16 16:21:35', 'PENDIENTE_TIMBRADO', '16697399', NULL, NULL, NULL, NULL, 'APROBADO', '97da0976', NULL, '2026-07-17 07:52:13', 0, 0, NULL, NULL, NULL),
	(50, 6078, 6546, '0040010035399', '80051575-7', 'IMPAR - ESEGE S.A', 'RESMA PAPEL CARTA 75', '2026-05-19', 174327.00, 'GS', 6791.00, 5230.00, 'APROBADO', NULL, NULL, '2026-07-16 16:21:35', NULL, '2026-07-16 16:21:35', 'PENDIENTE_TIMBRADO', '16697399', NULL, NULL, NULL, NULL, 'APROBADO', '97c208dc', NULL, '2026-07-17 07:52:13', 0, 0, NULL, NULL, NULL),
	(51, 6050, 6549, '0010010002456', '2192432-5', 'WILSON', 'SABOUROAD GLUCOSADO AGAR X 500 BRITANIA', '2026-05-22', 1607273.00, 'GS', 6791.00, 48218.00, 'APROBADO', NULL, NULL, '2026-07-16 16:21:56', NULL, '2026-07-16 16:21:56', 'PENDIENTE_TIMBRADO', '18452011', NULL, NULL, NULL, NULL, 'APROBADO', '973a0932', NULL, '2026-07-17 07:52:13', 0, 0, NULL, NULL, NULL),
	(52, 5915, 6549, '0010010002451', '2192432-5', 'WILSON', 'HISOPO DE ALGODON ESTERIL PURITAN/152,4MM/MANGO POLIESTIRENO /PU25-806-1WC', '2026-05-21', 2688636.00, 'GS', 6791.00, 80659.00, 'APROBADO', NULL, NULL, '2026-07-16 16:21:56', NULL, '2026-07-16 16:21:56', 'PENDIENTE_TIMBRADO', '18452011', NULL, NULL, NULL, NULL, 'APROBADO', '85d50865', NULL, '2026-07-17 07:52:13', 0, 0, NULL, NULL, NULL),
	(53, 5937, 6551, '0010010013986', '1841666-7', 'FRANCISCO DANIEL', 'SERVICIO DE VERIFICACION DE LUZ VISIBLE DE LA CAMARA FOTOESTABILIDAD', '2026-05-19', 900000.00, 'GS', 6791.00, 27000.00, 'APROBADO', NULL, NULL, '2026-07-16 16:22:09', NULL, '2026-07-16 16:22:09', 'PENDIENTE_TIMBRADO', '18720538', NULL, NULL, NULL, NULL, 'APROBADO', '910d08c7', NULL, '2026-07-17 07:52:13', 0, 0, NULL, NULL, NULL),
	(54, 6132, 6551, '0010010013389', '1841666-7', 'FRANCISCO DANIEL', 'SERVICIO DE PERFIL DE TEMPERATURA Y HUMEDAD', '2026-05-06', 1227273.00, 'GS', 6791.00, 36818.00, 'APROBADO', NULL, NULL, '2026-07-16 16:22:09', NULL, '2026-07-16 16:22:09', 'PENDIENTE_TIMBRADO', '18416667', NULL, NULL, NULL, NULL, 'APROBADO', NULL, NULL, '2026-07-17 07:52:13', 0, 0, NULL, NULL, NULL),
	(55, 5935, 6553, '0010010009764', '1747377-2', 'ADRIAN CARLOS', 'BANDEJA SIN TAPA 19,5 X 25,5 X9,2 CM', '2026-05-11', 280000.00, 'GS', 6791.00, 8400.00, 'APROBADO', NULL, NULL, '2026-07-16 16:22:22', NULL, '2026-07-16 16:22:22', 'PENDIENTE_TIMBRADO', '18334017', NULL, NULL, NULL, NULL, 'APROBADO', '8ae10837', NULL, '2026-07-17 07:52:13', 0, 0, NULL, NULL, NULL),
	(56, 5783, 6553, '0010010009750', '1747377-2', 'ADRIAN CARLOS', 'BANDEJA SIN TAPA 19,5 X 25,5 X 9,2 CM CON REJILLAS 1C X 4P', '2026-05-04', 3000000.00, 'GS', 6791.00, 90000.00, 'APROBADO', NULL, NULL, '2026-07-16 16:22:22', NULL, '2026-07-16 16:22:22', 'PENDIENTE_TIMBRADO', '18334017', NULL, NULL, NULL, NULL, 'APROBADO', '95c708d7', NULL, '2026-07-17 07:52:13', 0, 0, NULL, NULL, NULL),
	(57, 6054, 6562, '0010020003936', '80026324-3', 'CIENTIFICA MILAN S.R.L.', 'SODIO TIOSULFATO PENTAHIDRATO', '2026-05-22', 1600000.00, 'GS', 6791.00, 48000.00, 'APROBADO', NULL, NULL, '2026-07-16 16:22:52', NULL, '2026-07-16 16:22:52', 'PENDIENTE_TIMBRADO', '16922422', NULL, NULL, NULL, NULL, 'APROBADO', '95a408e3', NULL, '2026-07-17 07:52:13', 0, 0, NULL, NULL, NULL),
	(58, 5963, 6561, '0010010003915', '80026324-3', 'CIENTIFICA MILAN S.R.L.', 'DICLOROMETANO P,A', '2026-05-20', 1230000.00, 'GS', 6791.00, 36900.00, 'APROBADO', NULL, NULL, '2026-07-16 16:22:52', NULL, '2026-07-16 16:22:52', 'PENDIENTE_TIMBRADO', '16922422', NULL, NULL, NULL, NULL, 'APROBADO', NULL, NULL, '2026-07-17 07:52:13', 0, 0, NULL, NULL, NULL),
	(59, 6120, 6564, '0010010006433', '3254007-8', 'SM INFORMATICA DE PEDRO MIGUEL LEGUIZAMON PARRA', 'TONER DE 850-BLACK-BROTHER', '2026-05-20', 245455.00, 'GS', 6791.00, 7364.00, 'APROBADO', NULL, NULL, '2026-07-16 16:23:09', NULL, '2026-07-16 16:23:09', 'PENDIENTE_TIMBRADO', '18809023', NULL, NULL, NULL, NULL, 'APROBADO', 'a37909bb', NULL, '2026-07-17 07:52:13', 0, 0, NULL, NULL, NULL),
	(60, 6138, 6564, '0010010006431', '3254007-8', 'SM INFORMATICA DE PEDRO MIGUEL LEGUIZAMON PARRA', 'TINTA BROTHER D60', '2026-05-20', 490909.00, 'GS', 6791.00, 14727.00, 'APROBADO', NULL, NULL, '2026-07-16 16:23:09', NULL, '2026-07-16 16:23:09', 'PENDIENTE_TIMBRADO', '18809023', NULL, NULL, NULL, NULL, 'APROBADO', '8a51085e', NULL, '2026-07-17 07:52:13', 0, 0, NULL, NULL, NULL),
	(61, 6071, 6564, '0010010006432', '3254007-8', 'SM INFORMATICA DE PEDRO MIGUEL LEGUIZAMON PARRA', 'MOUSE PAD HAVIT', '2026-05-20', 409091.00, 'GS', 6791.00, 12273.00, 'APROBADO', NULL, NULL, '2026-07-16 16:23:09', NULL, '2026-07-16 16:23:09', 'PENDIENTE_TIMBRADO', '18809023', NULL, NULL, NULL, NULL, 'APROBADO', '893d0892', NULL, '2026-07-17 07:52:13', 0, 0, NULL, NULL, NULL),
	(62, 6119, 6564, '0010010006427', '3254007-8', 'SM INFORMATICA DE PEDRO MIGUEL LEGUIZAMON PARRA', 'CAMARA DE SEGURIDAD COLOR VU', '2026-05-19', 318182.00, 'GS', 6791.00, 9545.00, 'APROBADO', NULL, NULL, '2026-07-16 16:23:09', NULL, '2026-07-16 16:23:09', 'PENDIENTE_TIMBRADO', '18809023', NULL, NULL, NULL, NULL, 'APROBADO', '87090805', NULL, '2026-07-17 07:52:13', 0, 0, NULL, NULL, NULL),
	(63, 6081, 6564, '0010010006425', '3254007-8', 'SM INFORMATICA DE PEDRO MIGUEL LEGUIZAMON PARRA', 'TINTA BROTHER BT-D60BK COLOR NEGRO', '2026-05-19', 981818.00, 'GS', 6791.00, 29455.00, 'APROBADO', NULL, NULL, '2026-07-16 16:23:09', NULL, '2026-07-16 16:23:09', 'PENDIENTE_TIMBRADO', '18809023', NULL, NULL, NULL, NULL, 'APROBADO', '923008c4', NULL, '2026-07-17 07:52:13', 0, 0, NULL, NULL, NULL),
	(64, 6082, 6564, '0010010006424', '3254007-8', 'SM INFORMATICA DE PEDRO MIGUEL LEGUIZAMON PARRA', 'MOUSE USB-PHILIPS', '2026-05-19', 45455.00, 'GS', 6791.00, 1364.00, 'APROBADO', NULL, NULL, '2026-07-16 16:23:09', NULL, '2026-07-16 16:23:09', 'PENDIENTE_TIMBRADO', '18809023', NULL, NULL, NULL, NULL, 'APROBADO', '901b08bb', NULL, '2026-07-17 07:52:13', 0, 0, NULL, NULL, NULL);

-- Volcando estructura para tabla retenciones_sifen.seq_num_doc_ret
CREATE TABLE IF NOT EXISTS `seq_num_doc_ret` (
  `establecimiento` varchar(3) NOT NULL,
  `punto_expedicion` varchar(3) NOT NULL,
  `ultimo_numero` bigint(20) NOT NULL DEFAULT 0,
  PRIMARY KEY (`establecimiento`,`punto_expedicion`)
) ENGINE=InnoDB DEFAULT CHARSET=utf8mb4 COLLATE=utf8mb4_uca1400_ai_ci;

-- Volcando datos para la tabla retenciones_sifen.seq_num_doc_ret: ~1 rows (aproximadamente)
INSERT INTO `seq_num_doc_ret` (`establecimiento`, `punto_expedicion`, `ultimo_numero`) VALUES
	('001', '001', 65);

-- Volcando estructura para procedimiento retenciones_sifen.sp_siguiente_num_doc_ret
DELIMITER //
CREATE PROCEDURE `sp_siguiente_num_doc_ret`(
    IN  p_establecimiento  VARCHAR(3),
    IN  p_punto_expedicion VARCHAR(3),
    OUT p_num_doc_ret      VARCHAR(20)
)
BEGIN
    DECLARE v_siguiente BIGINT DEFAULT 1;

    -- Insertar fila si no existe aun para este est/punto
    INSERT IGNORE INTO seq_num_doc_ret (establecimiento, punto_expedicion, ultimo_numero)
    VALUES (p_establecimiento, p_punto_expedicion, 0);

    -- Incrementar de forma atomica
    UPDATE seq_num_doc_ret
    SET    ultimo_numero = ultimo_numero + 1
    WHERE  establecimiento  = p_establecimiento
      AND  punto_expedicion = p_punto_expedicion;

    -- Leer el valor recien incrementado
    SELECT ultimo_numero
    INTO   v_siguiente
    FROM   seq_num_doc_ret
    WHERE  establecimiento  = p_establecimiento
      AND  punto_expedicion = p_punto_expedicion;

    -- Formato: 001-001-0000001 (7 digitos con cero a izquierda)
    SET p_num_doc_ret = CONCAT(
        p_establecimiento, '-',
        p_punto_expedicion, '-',
        LPAD(v_siguiente, 7, '0')
    );
END//
DELIMITER ;

-- Volcando estructura para tabla retenciones_sifen.usuarios
CREATE TABLE IF NOT EXISTS `usuarios` (
  `id` int(11) NOT NULL AUTO_INCREMENT,
  `username` varchar(50) NOT NULL,
  `password_hash` varchar(255) NOT NULL,
  `nombre` varchar(120) DEFAULT NULL,
  `rol` enum('SOPORTE','JEFE','ASISTENTE') NOT NULL,
  `activo` tinyint(1) NOT NULL DEFAULT 1,
  `creado_por` int(11) DEFAULT NULL,
  `fecha_creacion` datetime NOT NULL DEFAULT current_timestamp(),
  PRIMARY KEY (`id`),
  UNIQUE KEY `username` (`username`),
  KEY `fk_usuarios_creador` (`creado_por`),
  CONSTRAINT `fk_usuarios_creador` FOREIGN KEY (`creado_por`) REFERENCES `usuarios` (`id`)
) ENGINE=InnoDB AUTO_INCREMENT=4 DEFAULT CHARSET=utf8mb4 COLLATE=utf8mb4_uca1400_ai_ci;

-- Volcando datos para la tabla retenciones_sifen.usuarios: ~3 rows (aproximadamente)
INSERT INTO `usuarios` (`id`, `username`, `password_hash`, `nombre`, `rol`, `activo`, `creado_por`, `fecha_creacion`) VALUES
	(1, 'soporte', '$2a$10$wPr2uFOTteN3azqaUzfS1.U1lfq4.hP6DwgBiVLGKb2F7KDB//U/W', 'Soporte técnico', 'SOPORTE', 1, NULL, '2026-07-16 09:05:31'),
	(2, 'admin', '$2a$10$rBzuf3lAsjY1vXjtKAOaK.YB0/MlMi9U4ac.h8x7UAC8benWJioPy', 'Antonio', 'JEFE', 1, 1, '2026-07-16 09:34:52'),
	(3, 'asistente', '$2a$10$V8fwiBrzn3kGBgAmTFo9POgJRRytP/iL4zfDAhohbFS/JhY3218x.', 'Victor', 'ASISTENTE', 1, 1, '2026-07-16 09:35:51');

/*!40103 SET TIME_ZONE=IFNULL(@OLD_TIME_ZONE, 'system') */;
/*!40101 SET SQL_MODE=IFNULL(@OLD_SQL_MODE, '') */;
/*!40014 SET FOREIGN_KEY_CHECKS=IFNULL(@OLD_FOREIGN_KEY_CHECKS, 1) */;
/*!40101 SET CHARACTER_SET_CLIENT=@OLD_CHARACTER_SET_CLIENT */;
/*!40111 SET SQL_NOTES=IFNULL(@OLD_SQL_NOTES, 1) */;
